NR,EXPERIMENT,ACC,RT,TRIAL_TYPE,REACTION
1,False,False,6.829886700001225,right,l
2,False,False,0.1219344999990426,left,a
3,False,False,0.5127592999997432,left,a
4,False,False,0.6491000999994867,left,a
5,False,False,0.6069766999971762,left,a
6,False,False,0.5201706999978342,left,a
7,False,False,0.38159190000078524,right,l
8,False,False,1.8151386999998067,left,a
9,False,False,0.468135600000096,left,a
